{"cameraMode":{"drawMode":0,"name":"Shaded","section":"Shading Mode"},"sceneLighting":false,"audioPlay":false,"sceneViewState":{"showFog":false,"showMaterialUpdate":false,"showSkybox":false,"showFlares":false,"showImageEffects":false,"showParticleSystems":false},"in2DMode":false,"pivot":{"x":-0.869166910648346,"y":3.8827974796295168,"z":1.4173192977905274},"rotation":{"x":0.013035690411925316,"y":0.8148377537727356,"z":-0.018336566165089608,"w":0.5792632102966309},"size":0.2282910943031311,"orthographic":false}