{"cameraMode":{"drawMode":0,"name":"Shaded","section":"Shading Mode"},"sceneLighting":false,"audioPlay":false,"sceneViewState":{"showFog":false,"showMaterialUpdate":false,"showSkybox":false,"showFlares":false,"showImageEffects":false,"showParticleSystems":false},"in2DMode":false,"pivot":{"x":7.560999870300293,"y":7.052745819091797,"z":-34.99528503417969},"rotation":{"x":0.3109400272369385,"y":-0.0421798899769783,"z":0.013803637586534024,"w":0.9494050741195679},"size":0.507073700428009,"orthographic":false}