{"cameraMode":{"drawMode":0,"name":"Shaded","section":"Shading Mode"},"sceneLighting":false,"audioPlay":false,"sceneViewState":{"showFog":false,"showMaterialUpdate":false,"showSkybox":false,"showFlares":false,"showImageEffects":false,"showParticleSystems":false},"in2DMode":false,"pivot":{"x":9.958453178405762,"y":7.47299337387085,"z":-34.5120849609375},"rotation":{"x":0.20010600984096528,"y":-0.2501664459705353,"z":0.05298565328121185,"w":0.9458624720573425},"size":0.08980663120746613,"orthographic":false}