{"cameraMode":{"drawMode":0,"name":"Shaded","section":"Shading Mode"},"sceneLighting":true,"audioPlay":false,"sceneViewState":{"showFog":false,"showMaterialUpdate":false,"showSkybox":true,"showFlares":false,"showImageEffects":false,"showParticleSystems":false},"in2DMode":false,"pivot":{"x":14.929380416870118,"y":10.538915634155274,"z":-26.676076889038087},"rotation":{"x":0.13251791894435883,"y":-0.31804776191711428,"z":0.044970568269491199,"w":0.9377114772796631},"size":2.0412180423736574,"orthographic":false}