{"cameraMode":{"drawMode":0,"name":"Shaded","section":"Shading Mode"},"sceneLighting":true,"audioPlay":false,"sceneViewState":{"showFog":false,"showMaterialUpdate":false,"showSkybox":false,"showFlares":false,"showImageEffects":false,"showParticleSystems":false},"in2DMode":false,"pivot":{"x":19.701000213623048,"y":16.31999969482422,"z":-2.8600006103515627},"rotation":{"x":-0.0068847863003611568,"y":0.9931207895278931,"z":-0.08361905813217163,"w":-0.08182362467050553},"size":62.113075256347659,"orthographic":false}