{"cameraMode":{"drawMode":0,"name":"Shaded","section":"Shading Mode"},"sceneLighting":false,"audioPlay":false,"sceneViewState":{"showFog":false,"showMaterialUpdate":false,"showSkybox":false,"showFlares":false,"showImageEffects":false,"showParticleSystems":false},"in2DMode":false,"pivot":{"x":-15.740571975708008,"y":-12.833178520202637,"z":14.659126281738282},"rotation":{"x":-0.24615615606307984,"y":0.39292967319488528,"z":-0.11001508682966232,"w":-0.8791559338569641},"size":14.2210054397583,"orthographic":false}