{"cameraMode":{"drawMode":0,"name":"Shaded","section":"Shading Mode"},"sceneLighting":false,"audioPlay":false,"sceneViewState":{"showFog":false,"showMaterialUpdate":false,"showSkybox":false,"showFlares":false,"showImageEffects":false,"showParticleSystems":false},"in2DMode":false,"pivot":{"x":-0.007126841694116592,"y":-0.030447348952293397,"z":0.0036609917879104616},"rotation":{"x":0.09883524477481842,"y":-0.795257568359375,"z":0.13487453758716584,"w":0.5827598571777344},"size":0.1616528183221817,"orthographic":false}