{"cameraMode":{"drawMode":0,"name":"Shaded","section":"Shading Mode"},"sceneLighting":true,"audioPlay":false,"sceneViewState":{"showFog":false,"showMaterialUpdate":false,"showSkybox":false,"showFlares":false,"showImageEffects":false,"showParticleSystems":false},"in2DMode":false,"pivot":{"x":0.18566539883613587,"y":-0.3215249478816986,"z":-0.11952817440032959},"rotation":{"x":-0.17273291945457459,"y":-0.826229989528656,"z":0.3556724488735199,"w":-0.4012586772441864},"size":0.3564707636833191,"orthographic":false}