{"cameraMode":{"drawMode":0,"name":"Shaded","section":"Shading Mode"},"sceneLighting":false,"audioPlay":false,"sceneViewState":{"showFog":false,"showMaterialUpdate":false,"showSkybox":true,"showFlares":false,"showImageEffects":false,"showParticleSystems":false},"in2DMode":false,"pivot":{"x":19.289295196533204,"y":10.909833908081055,"z":-43.77424240112305},"rotation":{"x":0.08840183913707733,"y":-0.5266085267066956,"z":0.05517830327153206,"w":0.8436993956565857},"size":3.514760732650757,"orthographic":false}