{"cameraMode":{"drawMode":0,"name":"Shaded","section":"Shading Mode"},"sceneLighting":false,"audioPlay":false,"sceneViewState":{"showFog":false,"showMaterialUpdate":false,"showSkybox":false,"showFlares":false,"showImageEffects":false,"showParticleSystems":false},"in2DMode":false,"pivot":{"x":-0.03577084094285965,"y":-0.029766887426376344,"z":-0.05428896099328995},"rotation":{"x":0.09883524477481842,"y":-0.795257568359375,"z":0.13487453758716584,"w":0.5827598571777344},"size":0.14955325424671174,"orthographic":false}